23kilpatrick23@gmail.com
2736617510@qq.com
42@dmathieu.com
78877@qq.com
BillyDM@tutamail.com
Bloodevil4@gmail.com
BluRaf@gmx.com
Corvan@gmx.de
D.J@fiddes.net
GI_Jack@hackermail.com
GeppettoFedora@gmail.com
JKirchartz@gmail.com
Jim.Perrin@microsoft.com
Ladsgroup@gmail.com
Marc-Antoine@Perennou.com
Sebastian@SSpaeth.de
SiblingsInARMS@gmail.com
Siliconrob@siliconheaven.net
Staalkoper@gmail.com
Thorsten_Leemhuis@gmx.de
Todd.Miller@sudo.ws
YuriyMironenko@outlook.com
ZephyraSilentis@protonmail.ch
_@yuv.al
_c@piapiac.org
a.rutecorreia@gmail.com
abeger@mpr.org
abhishek.veeramalla@gmail.com
abigail@filigree.tech
aboya@igalia.com
abrown@istreammplanet.com
acaliabogan@gmail.com
acinonyx@openwrt.gr
adam.reichold@t-online.de
adam.w.meek@gmail.com
adam@schmac.net
adarshkkumar@gmail.com
adborden@a14n.net
admin@toph.ca
ah.afrazkhan@gmail.com
aim@frobware.com
aking@antimass.org
akosiaris@gmail.com
alanc@freedesktop.org
albert@bellonch.com
aldomann.designs@gmail.com
aleffert@gmail.com
alex.stapleton@skyscanner.net
alex@alexdmccabe.com
alex@flamy.ca
alexander@redhat.com
alexjones@Alexs-MacBook-Pro.local
alexm@gnome.org
alexpreynolds@gmail.com
ali.hh.ramadhan@gmail.com
alice.nguyen@ttp.codes
alip@exherbo.org
alison.chan@companycam.com
alison@she-devel.com
aljoshapapsch@gmail.com
allanpday@gmail.com
allenm@extrahop.com
alois1@gmx-topmail.de
amatas@gmail.com
amin.mahmudian@gmail.com
amiremohamadi@yahoo.com
amora@adrianmora.me
amy@lexicalunit.com
amy@rhiaro.co.uk
ana@ekaia.org
ananyacleetus@gmail.com
andreas.frisch@ltnglobal.com
andreas@antonopoulos.com
andres@tonejito.org
andresitorresm@gmail.com
andrew.thorp@inmar.com
andrew@schwartzmeyer.com
andrew@shadura.me
andrew@stwrt.ca
andrew@xyncro.com
andrewsh@debian.org
andy@bitfolk.com
andybalaam@artificialworlds.net
animerrill@debian-laptop
aniskodedossett@etsy.com
anna@notapplicable.dev
annalorimer@uchicago.edu
annevk@annevk.nl
anonimous71@gmail.com
antaresmhd@gmail.com
anthony@lexio.app
antonin@delpeuch.eu
aperez@igalia.com
aphid@ucsc.edu
argel.ramirez@gmail.com
ari@llamanet.de
armiadolara@gmail.com
arnav.jindal7@gmail.com
arno@dcoded.nl
arnobroekhof@gmail.com
arthur200126@gmail.com
arthur2e5@aosc.io
arturo@openobservatory.org
arun@accosted.net
arurz@inaoep.mx
asalkeld@redhat.com
asdasd
asf@boinkor.net
asf@shanecurcuru.org
ashok@atai.ai
ask@develooper.com
asumu@simplyrobot.org
asura.enkhbayar@gmail.com
aurrelhebert@gmail.com
azsuth@gmail.com
babak@farrokhi.net
bahamat@digitalelf.net
baranovskiykonstantin@gmail.com
barneywilks1@gmail.com
barraponto@gmail.com
bashton@brennanashton.com
bauermann@kolabnow.com
bbrenise@redhat.com
be@mixxx.org
bel@zurich.ibm.com
ben.bromhead@gmail.com
ben.dylan.jones@cern.ch
ben@427.org.uk
ben@benaaron.dev
ben@benwerd.com
ben@kree.gr
ben@obensource.com
ben@tilde.team
benacker@gmail.com
benjam@github.com
benji@devnw.com
bert.raeymaekers@schilduil.org
bf@deutsche-cyberberatung.de
bhaak@gmx.net
bhearsum@mozilla.com
bigo@crisidev.org
bill@eff.org
birger@rantanplan.org
bit6tream@cock.li
bizzl@benkle.info
bjzaba@yahoo.com.au
bkmd100@gmail.com
blake@blakeridgway.dev
blp@cs.stanford.edu
bluemangroupie@gmail.com
bmc@clapper.org
boeckh.nicolas@gmail.com
bogusandre@gmail.com
boiko.melissa@gmail.com
bonniek@mac-131361.local
brad.crittenden@gmail.com
bradgeesaman@gmail.com
brandon@19.codes
bren@brennx0r.com
brettcsmith@brettcsmith.org
bri@ifokr.org
brian@python.org
brianarn@gmail.com
brindle@gmail.com
britt@brittg.com
brsolomon@deloitte.com
brunno@brunno.me
bruno@imby.bio
bryan@pobox.com
bugsteinpeter@gmail.com
burak.sezer.developer@gmail.com
c6ristian@imchristian.de
c@camdenmecklem.com
cad@dev.full.nom.br
caioraposo@protonmail.com
cameron@nevexo.space
caniszczyk@gmail.com
carissa.brittain@gmail.com
carl@george.computer
carmen@carmenbianca.eu
cas@eliens.co
cbeuw.andy@gmail.com
cblume@google.com
cedric.kienzler@innovo-cloud.de
ceej@couchbase.com
celeste@cncf.io
celesteh@gmail.com
cg@grobmeier.de
ch1r0x@mailbox.org
chacin.carlos9798@gmail.com
chad@athenascope.com
chainsawtiney@gmail.com
chalkpe@gmail.com
charles.cearl@gmail.com
chase.crum@suse.com
choldgraf@berkeley.edu
chris.coulson@canonical.com
chris@boyle.name
chris@chris-tse.com
chris@chrislgardner.dev
chris@kranz.com
chris@macgown.com
chris@partridge.tech
chris@sinjakli.co.uk
chris@thedellaways.com
christian@kellner.me
christian@python.org
christof@haerens.be
christoph.wickert@suse.com
chunkomike@gmail.com
cjwatson@ubuntu.com
clara@clarahobbs.com
claudiaberesford@gmail.com
claunia@claunia.com
clee@mg8.org
clement.paillier@gmail.com
clint@ivy.io
cmetcalf@appgeo.com
cmp@cmpalmer.org
cnord@mit.edu
code@andreazonca.com
codehelp@debian.org
codemouse92@outlook.com
colliand@gmail.com
combacsa@gmail.com
contact2@c-henry.fr
contact@dannycolin.com
contact@hacktivis.me
contact@sciss.de
contato@caiovinicius.dev.br
coolbreezechloe@gmail.com
coolsvap@gmail.com
coppolaemilio@protonmail.com
cortex@worlddomination.be
cosiclili@gmail.com
cphill11@gmail.com
crees@freebsd.org
cross@gajendra.net
crt0mega@c-r-t.tk
cruncniemuchie@hotmail.com
crutchcorn@gmail.com
csangos@gmail.com
cscott@cscott.net
ctadeu@gmail.com
cturra@zoe.home.bellotech.com
cybergene@protonmail.com
d.smart@smartinternetconsultants.co.uk
daffyduke@lautre.net
daheber@gmail.com
dakkar@thenautilus.net
daltro.campanher@acad.ufsm.br
damian.senn@topaxi.codes
damien.duportal@gmail.com
damien.stanton@gmail.com
dan.poltawski@tnp.net.uk
dan@erat.org
dan@yeaw.me
danesc87@gmail.com
dang@redhat.com
dani@builds.terrible.systems
daniel.bahr@empaua.com
daniel.oshiro@tutanota.com
daniel@daniel-milnes.uk
daniel@daniel-watkins.co.uk
daniel@destevez.net
daniel@fooishbar.org
daniel@maxwell-ross.us
danieljabailey@gmail.com
daniels@collabora.com
danmcd@joyent.com
danny@thefallenphoenix.net
darion@inuits.eu
darkkirb@darkkirb.de
dartmannmatthias@outlook.com
dashaun@dashaun.com
davanum@gmail.com
dave.f.kleinschmidt@gmail.com
dave2@wetstring.net
dave@natulte.net
dave@waveform.org.uk
david.battey@nielsen.com
david.l.weiner30030@gmail.com
david.planella@ubuntu.com
david@black.co.at
david@izquierdofernandez.com
david@tilapin.org
davidjguru@gmail.com
dcomay@bloomberg.net
dds@bosabosa.org
demet@palantir.net
dentaku@wazong.de
derek.eder@datamade.us
derwin.mcgeary@cloudwick.com
desertfox899@gmail.com
deskinm@umich.edu
dev.urandom@posteo.org
dev@jamesturk.net
devin@devinhalladay.com
devrtz@fortysixandtwo.eu
dewey@fishandwhistle.net
dharple@gmail.com
dhaval@localhost.localdomain
diligentcircle@riseup.net
dillon@obsproject.com
dilyn.corner@tutanota.com
dirk@hohndel.org
divad.nnamtdeis@gmail.com
dkg@fifthhorseman.net
dkozel@gnuradio.org
dmaes@inuits.eu
dmalcolm@redhat.com
dmuth@dmuth.org
dom32400@aol.com
don@donarmstrong.com
don@goodman-wilson.com
doug@doughellmann.com
drew.m.fisher@gmail.com
drewuhlmann@gmail.com
drj@pobox.com
drmccoy@drmccoy.de
dthompson2@worcester.edu
dtpowl@gmail.com
du.gva@outlook.com
duck@duckland.org
dweomer5@gmail.com
dylan@endlessos.org
dylan@pnwbakers.com
each@isc.org
ebassi@gmail.com
ed@elplatt.com
edu4rdshl@protonmail.com
edubxb@gmail.com
ehashman@debian.org
ehashman@redhat.com
ehmry@posteo.net
ehs@pobox.com
elaashton@icloud.com
elhober@unm.edu
elih@protonmail.com
emanuil.tolev@gmail.com
emiliano.langella@suse.com
emilycf@mit.edu
ercdll1337@gmail.com
eric.smalling@snyk.io
erik+github@erik.nygren.org
erik.johnson@centurylink.com
erin@hecke.rs
eriol@mornie.org
eschrock@gmail.com
esmethedev@gmail.com
esteve@apache.org
esther@selfawaresoup.com
ethanatchley2006@gmail.com
evan@ehirsh.com
evgeni@golov.de
ewen@naos.co.nz
exiele.dfo@gmail.com
f@erbridge.co.uk
fabio.loli@disroot.org
fanael4@gmail.com
fantoro@outlook.com
fbranczyk@gmail.com
federico@gnome.org
felash@gmail.com
felicia@drachenkatze.org
felipeborges@gnome.org
felix@fontein.de
ferdia@mckeogh.tech
finalchild2@gmail.com
findarr@pm.me
fintelia@gmail.com
firdavs792@gmail.com
florian@fullrange.ch
flotocki002@gmail.com
fmuellner@gnome.org
follower@rancidbacon.com
foo@auggie.dev
forivall@gmail.com
fossdd@tutanota.com
fpantano@redhat.com
fracaen@cisco.com
fragkakis@workable.com
francis.gulotta@shopify.com
frank.wong@icumed.com
fred@helloform.com
freiheit@gmail.com
fridzema@gmail.com
fv3rdugo@gmail.com
fzielcke@z-51.de
g@s01.de
gaeel.bradshaw@goto-games.com
galen@galenguyer.com
gamanjie@gmail.com
garga@FreeBSD.org
garrett@lesage.us
gauravgahlot0107@gmail.com
gcaaa31928@gmail.com
gday@truefit.com
gen2@gen2.space
gene.liverman+14713432@puppet.com
genvara@ttm.sh
geoff.gilmour-taylor@cnib.ca
geofft@ldpreload.com
george@gmarqu.es
georgiana.dolocan@gmail.com
gerry@x-net.be
gh@juke.fr
gh@kdy.ch
gherlein@herlein.com
gian@aiqfome.com
gil.gnome@gmail.com
giles@thaumas.net
gina@lintqueen.com
gina@octoprint.org
giovanni.pellerano@globaleaks.org
git@0x39b.fr
git@brendanabolivier.com
git@frezbo.dev
git@iainnicol.com
git@juniorjpdj.pl
git@llzes.org
git@mail.saschamann.eu
git@melody.dev
git@n0emis.eu
git@rxv.cc
git@wrl.lhiaudio.com
gitcommit@uumas.fi
github-1b66+210304@ryanc.org
github.com@deb.at
github@alper.nl
github@anthonymcook.com
github@bentasker.co.uk
github@corp.mmatos.com
github@derickrethans.nl
github@ganneff.de
github@johnbond.org
github@johnburnett.com
github@karolherbst.de
github@krisbuytaert.be
github@mcohrs.eu
github@milkmiruku.com
github@pvaneynd.mailworks.org
github@slrie.de
github@theatr.us
github@vollstreckernet.de
github@webmink.com
glavagetto@wikimedia.org
gmbr3@opensuse.org
golf1052@hey.com
grantseltzer@gmail.com
graydon@pobox.com
gregory.matthew.meyer@gmail.com
gregs1104@gmail.com
griffey@gmail.com
grim@reaperworld.com
gsquelart@mozilla.com
guerda@freenet.de
gunnar@vireone.com
gurkan.gur@innogames.com
gus@projectgus.com
gustavo@padovan.org
gustavombelfort@gmail.com
gustavosantaremsilva@gmail.com
haircut@gmail.com
hairmare@purplehaze.ch
hankgrabowski@gmail.com
hardy.pottinger@gmail.com
harold@haroldmschreckengost.com
hello@benjaminbaedorf.eu
hello@camila.codes
hello@kburk.me
hello@nektro.net
hello@nikolaivazquez.com
hen@hey.com
henrik@grimler.se
henriquecunhawd@gmail.com
hey@jancborchardt.net
hey@morrisjobke.de
hguemar@fedoraproject.org
hi@planetpeanut.uk
hippietilley@gmail.com
hisham@gobolinux.org
hkarau@apple.com
holger@layer-acht.org
honza.kral@gmail.com
hsehic@suse.com
hsivonen@hsivonen.fi
hyperreal64@pm.me
i@itorres.net
i@joshuasimmons.name
ian.johnson@canonical.com
ian@caliban.org
ian@coldwater.io
ian@zenhack.net
idimitriou@igalia.com
igmar@palsenberg.com
igonzalezsosa@suse.com
ijesser@outlook.com
ikojba@gmail.com
iksteiger@gmail.com
inbox@jacobweisz.com
info@aminvakil.com
info@flatland.be
info@odrotbohm.de
io@mintz.cc
irwinkr@miamioh.edu
isaque@br.ibm.com
itchychips@itchyeyes.net
its_me@aaronleem.co.za
iuninefrendor@gmail.com
ivan.ogasawara@gmail.com
ivan@sidpatchy.com
ivana.kellyerova@amarion.net
ivancich@redhat.com
j_zajac@email.com
ja@sdomi.pl
jace@pobox.com
jackhenry.tech@gmail.com
jacob.a.tice@gmail.com
jacob.perkins@netprotect.com
jacob@hdreesen.de
jacques.rimbault@gmail.com
jacques@siberia.co.za
jadahl@gmail.com
jaime.cr@gmail.com
james.d.bair@gmail.com
james@belchamber.com
james@firefly-iii.org
james@floppy.org.uk
james@jamesh.id.au
jamesp@jpancoast.dev
jan.steffens@gmail.com
janmwolf@protonmail.com
jannis@leidel.info
jason.heppler@gmail.com
jason@chaosaffe.io
jason@secureideas.com
jason@sixtwothree.org
javierm@redhat.com
javipolo@drslump.org
jaypmueller@gmail.com
jaysonpaul@gmail.com
jaywhang627@gmail.com
jbd@amazon.com
jbicha@ubuntu.com
jboy@bius.moe
jcfd.almeida@campus.fct.unl.pt
jcharaoui@cmaisonneuve.qc.ca
jciroli@redhat.com
jcristau@debian.org
jdcarpinelli@gmail.com
jdub@bethesignal.org
jeef111x@gmail.com
jeetelongname@gmail.com
jeff.science@gmail.com
jeff@eko-recordings.ca
jeremiah@jeremiahfoster.com
jeremy.meiss@gmail.com
jeremy@jeremydwayne.com
jeremy@kescher.at
jerome.petazzoni@gmail.com
jessamyn@gmail.com
jesse@fsck.com
jessemarsh09@gmail.com
jessica@obsproject.com
jf.mundox@gmail.com
jhamner@gmail.com
jharley@redmind.ca
jim@jump24.co.uk
jkim@igalia.com
jlkinsel@gmail.com
jmas@softcatala.org
jmmadge@gmail.com
joant@atypical.net
joeldenning@gmail.com
joenosie@protonmail.com
joeyh@joeyh.name
john@noswap.com
john@sleefamily.org
johnlieske@thopter.nowhere.verse
joliss42@gmail.com
jonas.andero@gmail.com
jonas@freesources.org
jonas@verhofste.tech
jonasschievink@gmail.com
jonathandejong02@gmail.com
joolean@gmail.com
jordi@mallach.net
jorge.castro@gmail.com
joshield@microsoft.com
joshua.conner@gmail.com
joshuagloe@gmail.com
jozsef.gabor.lazar@gmail.com
jp@hashicorp.com
jproctor@mtholyoke.edu
jr+git@mozilla.com
jrb@endlessm.com
js-gh@sigmanetwork.org
jsrain@suse.com
jt.perry@gmail.com
jtth@jtth.net
juanjosec@gmail.com
juanscv92@gmail.com
julia@julialuna.dev
juliaferraioli@google.com
julian@sparber.net
julianacero98@gmail.com
juliette.tisseyre@gmail.com
julroy67@gmail.com
juno@suarez.email
justin.baugh@eris.co
justin.rush@realself.com
jzb@redhat.com
k.ackroyd@gmail.com
kai@devrim.tech
kakaroto@kakaroto.homelinux.net
kam@kamit.com
kara@153.io
kaslinfields@gmail.com
kat@hypatian.org
kate@ajifry.com
katzj@fedoraproject.org
kay@rrr.de
kekun.plazas@laposte.net
ken@linux.ie
kevin.code@kevinlee.io
kevin@km6g.us
kevin@secureideas.com
kevinr@free-dissociation.com
kieran@dothq.co
kitteh@kitteh.pw
kjwonmail@gmail.com
klein.eric@gmail.com
klove@oreilly.com
knowledgejunkie@gmail.com
knoxville@gmail.com
kojo.idrissa@gmail.com
kokakiwi+git@kokakiwi.net
konstantina@mozilla.com
kosta@fastmail.com
kot@yukata.tech
koz.ross@retro-freedom.nz
kris.aubuchon@discourse.org
kristiprogri94@gmail.com
ktc@ktchan.info
ktravers@github.com
kubukoz@gmail.com
kuesji@koesnu.com
kurt@garloff.de
kvapss@gmail.com
kwhitaker@turing.ac.uk
kwindla@gmail.com
kyle.riedemann@protonmail.com
kyle@kneit.in
l@leigh.net.au
laceynwilliams@gmail.com
laetitia.avrot@gmail.com
landervandenbulcke@gmail.com
laomaiweng@minster.io
larjona@larjona.net
lars.bahner@gmail.com
lattera@gmail.com
laurent.doguin@gmail.com
lbjanuario@gmail.com
lbrindley@suse.de
leah@pigeon.sh
lee.hambley@gmail.com
leeroywking@gmail.com
leigh123linux@gmail.com
leo@60228.dev
leonardo.held@grad.ufsc.br
lillywinfree@gmail.com
lily@lily.flowers
lindsay@holmwood.id.au
lindsaygaff@gmail.com
link@sub-pop.net
linkgeorg@gmail.com
lionel_debroux@yahoo.fr
lists@ryanpetrello.com
liuyis@live.com
liversedge@gmail.com
liz@cray.lgbt
liz@lizrice.com
lleyton@innatical.com
lmb@suse.com
lri@pullstring.com
luananeder@gmail.com
luc@rocher.lc
luis3720@hotmail.com
lukas.haeusermann@adfinis.com
lukas.puehringer@nyu.edu
luke@foolishgames.com
lukkan99@gmail.com
lunar@debian.org
lunarlambda@gmail.com
lundman@lundman.net
luppy@appkaki.com
lxmcf20@gmail.com
lynxis@fe80.eu
m.j.lbach@gmail.com
maarten.dirkse@gmail.com
maartenb@inuits.eu
magnus.hambleton@gmail.com
mail@andrewsullivancant.ca
mail@arturs.site
mail@beuke.org
mail@jasonrobinson.me
mail@linusgroh.de
mail@lucaswerkmeister.de
mail@malteschink.de
mail@mattiaswerner.com
mail@topikettunen.com
mainframed767@gmail.com
maja.stanislawska@yahoo.com
malcolmbarrett@gmail.com
malvikasharan@gmail.com
manuel@manuel.is
marantzj@gmail.com
marcan@marcan.st
marcin.konow@lczyk.xyz
marcus.weiner@gmail.com
marcus@fihlon.swiss
marek@xivilization.net
mario@igalia.com
marius@gedmin.as
mark.musante@gmail.com
mark@twoshortplanks.com
markand@malikania.fr
markhansen@google.com
markus.tiede@ch-open.ch
markus@unterwaditzer.net
martin.bayo@gmail.com
martin.gollowitzer@imp.ac.at
martin.guillon@gmail.com
martin@gnuradio.org
marxin.liska@gmail.com
masterancpp@gmail.com
mat.gaborit@gmx.com
mathieu@symbiotic.coop
matt.barron@cubic.com
matt.mattox@suse.com
matt.peveler@gmail.com
matt@conundrum.com
matt@fantinel.dev
matthew.robertson@freshbooks.com
matthew@matthewhelmke.com
matthew@torchbox.com
mattias.jc.bengtsson@gmail.com
mattl@cnuk.org
mattl@gnu.org
mauricio@arareko.net
max.perrello@gmail.com
max@maxbruckner.de
max@urbanlogiq.com
maxeaubrey@gmail.com
maxi.fg13@gmail.com
maxking@noreply
maya@NetBSD.org
mbagget1@utk.edu
mbklein@gmail.com
mbond@the-forgotten.org
mcfunley@gmail.com
mdeblanc@edx.org
mdrob@apache.org
me@cmhamill.org
me@dave.lc
me@diatr.us
me@ecmelberk.com
me@ethandjeric.com
me@gbraad.nl
me@gus.host
me@jibby.org
me@joejulian.name
me@localhost
me@lorenamesa.com
me@michael-nolan.com
me@michaelkohler.info
me@nbad.al
me@nullstellensatz.org
me@patrickwu.space
me@philpax.me
me@pjstein.co
me@robertfoss.se
me@samuelkarp.com
me@srp.life
me@thejameskyle.com
me@weilbyte.dev
megan@hashicorp.com
melissawm@gmail.com
merlijn.sebrechts@gmail.com
meskio@sindominio.net
mhoye@bespokeio.com
mic@secureideas.com
micah@micahflee.com
michael.mattsson@hpe.com
michel@michel-slm.name
michelazzo@me.com
miguelraz@ciencias.unam.mx
mike.d.conley@gmail.com
mike@elsmore.me
mike@ossmann.com
mike@snowcrash.ca
mikhail@mpopov.com
milan@petabyte.dev
minhoryang@gmail.com
miricul@gmail.com
misc@redhat.com
mixi@exherbo.org
mj_rmsletter@barrenfrozenwasteland.com
mlt@debian.org
monochromec@gmail.com
mononcqc@ferd.ca
moosingin3space@gmail.com
morgan.mackechnie@netprotect.com
morre@mor.re
mpaluch@paluch.biz
msgh@selfisekai.rocks
mueller@kit.edu
mureinik@gmail.com
mwei@lxde.org
mwhite@hubspot.com
myid.shin@igalia.com
mylan@mylan.io
myles@getlantern.org
myon@debian.org
mythmon@gmail.com
naderpaskari@gmail.com
nalin@redhat.com
naomi.ceder@gmail.com
natbudin@gmail.com
nathanleclaire@gmail.com
ndisposable@gmail.com
neel@neelc.org
neil@halon.org.uk
neil@themcphails.uk
neil@watson-wilson.ca
neko@catgirlsin.space
nelson@monkey.org
neugens.limasoftware@gmail.copm
nicholas.a.fitzgerald@gmail.com
nick@nedrichards.com
nickagerace@gmail.com
nicksieger@gmail.com
nicoo@debian.org
niels.grewe@halbordnung.de
niels@thykier.net
nik@nkantar.com
nikita@NetBSD.org
nikitaraghunath@gmail.com
nils.github@anotherhomepage.org
nils@tiptoe.de
nilsding@nilsding.org
nirbheek@centricular.com
nishak@vmware.com
nnesse@nthdimtech.com
no-reply@protonmail.com
noah@nthall.com
none
noodles-github@earth.li
norbert+github@tretkowski.de
nordine@bittich.be
notting@splat.cc
nsyncdiva420@gmail.com
nxmq08@gmail.com
ocefpaf@gmail.com
ohai@6a68.net
olive@picapo.net
oliver.ni@gmail.com
oliver@linux-kernel.at
omegazyadav1@gmail.com
omgjlk@github.com
ondrej@isc.org
opensource@mmk2410.org
orzechod@gmail.com
osamabinesmail@gmail.com
oskirby@gmail.com
ot2sen@gmail.com
otubo@redhat.com
owilliams@mixxx.org
p.klassen221199@gmail.com
pablo.costas.sanchez@gmail.com
pal.nabarun95@gmail.com
papanito@wyssmann.com
paracelsus@gmail.com
parkerhiggins@gmail.com
patcherton.fixesthings@gmail.com
patrick.robinson@bertelsmann.de
patrick.schoenfeld@googlemail.com
paubigbang@gmail.com
paul@paul-moore.com
paul@paulcollier.ca
paulo@phls.com.br
paulro1575@gmail.com
pawel@krupa.net.pl
pcaptanovska@gmail.com
pedroalvesvalentim@gmail.com
pehunt@redhat.com
penelope@hey.com
penyaskito@computer.org
peskypotato@protonmail.com
peter.hutterer@who-t.net
peter.pan.17@freenet.de
peter@newton.cx
peterdsharpe@gmail.com
petermbenjamin@gmail.com
pettazz@gmail.com
peylight@riseup.net
pezholio@gmail.com
philantrop@exherbo.org
philip.chimento@gmail.com
philpem@philpem.me.uk
phoe@disroot.org
pietro10@mac.com
ping@elioqoshi.me
piotrdrag@gmail.com
pjentsch@uwaterloo.ca
plaes@plaes.org
plasticle@gmail.com
pmatos@linki.tools
pmazulo@gmail.com
powernic1@gmail.com
prasriva@redhat.com
prof.lam@gmail.com
programmer@travi.org
pyu@riseup.net
qhong@mit.edu
r95g10@gmail.com
rachelkg@gmail.com
rachellawson@me.com
rahul722j@gmail.com
raichoo@googlemail.com
ralfrachinger@gmail.com
randy@blueottersoftware.com
ranger@opennms.org
raukadah@gmail.com
rayandas91@gmail.com
rbanffy@gmail.com
rbrownccb@opensuse.org
rcj4747@gmail.com
rcombs@rcombs.me
register@xdfr.de
registration@blackdot.be
remilauzier@protonmail.com
ren@kararou.space
rene0@freedom.nl
reynir@reynir.dk
rharwood@redhat.com
rhys@johnguant.com
rhys@rpowell.me
ricardo@foundries.io
richard+github@burntfen.com
richard@torproject.org
richih@richih.org
richlowe@richlowe.net
ricky@whitelionmedia.com
rishi.is@lostca.se
rnewson@apache.org
roan.kattouw@gmail.com
rob@endlessos.org
rob@kalistra.com
robert@mcqueen.me.uk
roberto@keltia.net
robin.bowes@yo61.com
robin.ward@gmail.com
robingroppe@gmail.com
robinoph@inuits.eu
rodgert@twrodgers.com
roesch.eric@protonmail.com
roger.robertson.jr@gmail.com
roger@atchoo.org
rogerzanoni@gmail.com
rojen@riseup.net
ronbar@hotmail.fr
ronny@no42.org
root@swooshalicio.us
rose@metaclassical.com
ross.lannen@gmail.com
ross.nelson@gmail.com
ross@macarthur.io
rowasc@gmail.com
rsdomagalski@gmail.com
ry00001@protonmail.com
ryan.joseph@gmail.com
sabyanin.mx@gmail.com
sadie@witchery.services
sam.L.shrum@gmail.com
sam.pikesley@demandlogic.co.uk
sam@kottler.org
samccann@redhat.com
sammy@sammy.hk
samth0@gmail.com
samuel.pichardo@ucalgary.ca
samvdkris@disroot.org
sandals@crustytoothpaste.net
sander@steffann.nl
sandro.jaeckel@gmail.com
sarah@xhub.com
sarahkemi@github.com
sarina@edx.org
saschanaz@outlook.com
sat@satprod.net
scanon@apple.com
schnouki@schnouki.net
scott@sl.id.au
scott@ssweeny.net
screenfetch@protonmail.com
scy@scy.name
sdubois@csh.rit.edu
sebastian.tschen.behrens@gmail.com
sebastien.lemaire@soton.ac.uk
sech1p@disroot.org
sekia@cpan.org
self@brianlheim.com
set.name.fahad@gmail.com
seth.aldini+github@gmail.com
seth@kipro-pcb.com
seth@tisue.net
seunguk@seunguk.dev
shadowm@wesnoth.org
shashr2204@gmail.com
shaunagm@gmail.com
shauryashubham1234567890@gmail.com
shawn.webb@hardenedbsd.org
shmish111+github@gmail.com
shmueli.yosef@englard.net
showard@miovision.com
shuff@vecna.org
shymega@shymega.org.uk
siddhesh.poyarekar@gmail.com
siedlaczek@pm.me
sil@kryogenix.org
siljechr@live.no
simon@simon-cozens.org
simon@stwalkerster.co.uk
sknauss@kde.org
skorpy@frankfurt.ccc.de
skunk@iSKUNK.ORG
sleight42@gmail.com
slyon@ubuntu.com
smd.seandavis@gmail.com
smswessem@gmail.com
software@marquiskurt.net
sokokir@gmail.com
sophie@hemio.de
sowa705@gmail.com
spam@datagrok.org
spam@example.com
spinach@gmail.com
ssm@fnord.no
ssnover95@gmail.com
starkos@industriousone.com
stefanmoosbrugger@gmail.com
step@closethipster.com
stephanlachnit@protonmail.com
steve@gilissen.me
steve@puppet.com
steve@staticfree.info
steve@steve-pletcher.com
steve@toths.info
sthemmin@microsoft.com
stripedpajamas273@gmail.com
stuart.a.spence@gmail.com
sunookitsune@kitsunet.org
sur5r@debian.org
sven.aas@gmail.com
sven.svelle@gmail.com
sweiberg@suse.com
swenson@swenson.io
swoldemichael@acm.org
tanyalattner@llvm.org
taras.kolomatski@stonybrook.edu
tartanllama@gmail.com
tastytea@tastytea.de
tbm@cyrius.com
techokami@holenet.info
techwolf359@gmail.com
ted@mielczarek.org
teiderlopes@gmail.com
tek@randhome.io
teor@riseup.net
tfb@cley.com
thb@documentfoundation.org
theevilskeleton@riseup.net
thejeffbyrnes@gmail.com
thijs@fngtps.com
thomas.winkelmann@wkmn-web.eu
thomas@2011imac-hsierra.local
thomas@kluyver.me.uk
tilman.vatteroth@tu-dortmund.de
tim.c.quinn@gmail.com
tim@siosm.fr
timemachine1x1@gmail.com
tina@debian.org
tiphaine.viard@gmail.com
tlatsas@hey.com
tobia@crossbone.cc
todd.d.robbins@gmail.com
tom.prince@hocat.ca
tom@tomjepp.co.uk
tomorOoO@163.com
tonejito@comunidad.unam.mx
tonetheman@gmail.com
tracyhinds@gmail.com
transcaffeine@finallycoffee.eu
travis.vachon@gmail.com
trembleafterme@outlook.com
trevor.j.manz@gmail.com
trevor.mcnaughton@gmail.com
trevor@trevorthalacker.me
trisk@forkgnu.org
tux93@opensuse.org
twalterspieler@protonmail.com
tyrel@tyrelsouza.com
unalercann@gmail.com
uniminin@zoho.com
unixbigot@pobox.com
unstablereality@gmail.com
ursinha@gmail.com
utkubod@gmail.com
valerie.aurora@gmail.com
vanessa@siliconexar.ch
vehrka@gmail.com
veit@cusy.io
vgoraz@hotmail.com
victor@westerhu.is
victoriaisteeves@gmail.com
viirus@pherth.net
vince@broz.cc
vincenzopalazzodev@gmail.com
vinicius.mignot@gmail.com
vitak.sarah@gmail.com
vkatsikaros@gmail.com
vkc@violetsky.io
volkan.yazici@gmail.com
vrutkovs@redhat.com
vyivel@posteo.net
w_i_n_d_y_o@hotmail.com
walidamriou@gmail.com
wayne.warren.s@gmail.com
weston.steimel@gmail.com
wez@wezfurlong.org
wheeler@redhat.com
will@willthompson.co.uk
willh@matrix.org
william.orr@adevinta.com
william.wilson@canonical.com
william@blackhats.net.au
williham.totland@gmail.com
wilo.moura3@gmail.com
woof@puppy.surf
wooky92@naver.com
worldofpeace@protonmail.ch
wouter.verhelst@zetes.com
wpk@culm.net
wrlach@gmail.com
wt@penguintechs.org
wtaymans@redhat.com
wtd@pobox.com
wusyong9104@gmail.com
ww@groovy.net
wyatt.mike@gmail.com
wyman.lucy@gmail.com
xurxosanz@gmail.com
yalinpala@protonmail.com
yo@jacky.wtf
yochannah@gmail.com
yutani.ini@gmail.com
zachariramos@gmail.com
zack@upsilon.cc
zerok@zerokspot.com
